<?xml version="1.0" encoding="UTF-8"?>
<translations>
    <token id="camera_front_enabled">Cámara delantera activada</token>
    <token id="camera_back_enabled">Cámara trasera activada</token>
    <token id="button_skip">OMITIR</token>
    <token id="button_ready">LISTO</token>
    <token id="button_start">COMENZAR</token>
    <token id="button_repeat">NO, QUIERO REPETIR</token>
    <token id="button_finish">SÍ, ACEPTAR</token>
    <token id="button_next">SIGUIENTE</token>
    <token id="button_back">ANTERIOR</token>
    <token id="button_done">FINALIZAR</token>
    <token id="button_info_alt">Tutorial</token>
    <token id="button_exit_alt">Cerrar proceso</token>
    <token id="face_movement_tips_title">Mueve tu cara</token>
    <token id="face_movement_tips_detail">Para un registro óptimo, imita los&#10;movimientos mirando al frente</token>
    <token id="start_extractor_title">Coloca tu cara dentro del círculo,&#10;pulsa comenzar e imita al modelo</token>
    <token id="extracting_title">Permanece quieto,&#10;con tu cara en el&#10;centro del círculo</token>
    <token id="liveness_move_tip">Por favor, sigue la flecha&#10;girando tu cabeza</token>
    <token id="liveness_move_tip_up">Gira tu cabeza&#10;hacia arriba</token>
    <token id="liveness_move_tip_down">Gira tu cabeza&#10;hacia abajo</token>
    <token id="liveness_move_tip_left">Gira tu cabeza&#10;hacia la izquierda</token>
    <token id="liveness_move_tip_right">Gira tu cabeza&#10;hacia la derecha</token>
    <token id="liveness_move_stabilizing">Permanece quieto,&#10;con tu cara en el&#10;centro del círculo</token>
    <token id="liveness_move_stabilizing_none">Permanece quieto,&#10;con tu cara en el&#10;centro del círculo</token>
    <token id="liveness_move_stabilizing_ok">Permanece quieto,&#10;con tu cara en el&#10;centro del círculo</token>
    <token id="liveness_move_stabilizing_not_stabilized">Permanece quieto,&#10;con tu cara en el&#10;centro del círculo</token>
    <token id="liveness_move_stabilizing_no_face_too_far">Estás demasiado lejos.&#10;Acerca la cara un poco</token>
    <token id="liveness_move_stabilizing_no_face_sun_glasses">Permanece quieto,&#10;con tu cara en el&#10;centro del círculo</token>
    <token id="liveness_move_stabilizing_no_face_too_close">Estás demasiado cerca.&#10;Aleja la cara un poco</token>
    <token id="liveness_move_stabilizing_no_face_too_much_movement">Permanece quieto,&#10;con tu cara en el&#10;centro del círculo</token>
    <token id="liveness_move_stabilizing_no_face_low_performance">Permanece quieto,&#10;con tu cara en el&#10;centro del círculo</token>
    <token id="liveness_move_stabilizing_no_face_no_frontal">Permanece quieto,&#10;con tu cara en el&#10;centro del círculo</token>
    <token id="liveness_move_stabilizing_no_face_no_frontal_too_much_left">Gira tu cara ligeramente&#10;hacia la derecha</token>
    <token id="liveness_move_stabilizing_no_face_no_frontal_too_much_right">Gira tu cara ligeramente&#10;hacia la izquierda</token>
    <token id="liveness_move_stabilizing_no_face_no_frontal_too_much_down">Gira tu cara ligeramente&#10;hacia arriba</token>
    <token id="liveness_move_stabilizing_no_face_no_frontal_too_much_up">Gira tu cara ligeramente&#10;hacia abajo</token>
    <token id="liveness_move_stabilizing_no_face_no_color">Busca un lugar mejor iluminado&#10;para realizar el proceso</token>
    <token id="liveness_move_stabilizing_no_face_low_quality">Busca un lugar mejor iluminado&#10;para realizar el proceso</token>
    <token id="liveness_move_stabilizing_no_face_low_face_quality">Busca un lugar mejor iluminado&#10;para realizar el proceso</token>
    <token id="liveness_move_stabilizing_no_face_low_pattern_quality">Por favor, mantén una&#10;pose neutral con tu cara</token>
    <token id="liveness_move_stabilizing_ok_glasses">Permanece quieto,&#10;con tu cara en el&#10;centro del círculo</token>
    <token id="results_message_low">Te recomendamos que&#10;repitas el registro</token>
    <token id="results_message_good">El registro es bueno,&#10;pero puedes mejorarlo</token>
    <token id="results_message_excellent">La calidad del registro es&#10;excelente. ¡Enhorabuena!</token>
    <token id="results_message_finish">¿Tu foto se ve de forma&#10;clara y nítida?</token>
    <token id="results_quality_message">(Calidad del registro)</token>
    <token id="results_quality_low">Regular</token>
    <token id="results_quality_good">Bueno</token>
    <token id="results_quality_excellent">Excelente</token>
    <token id="error_message_face">Coloca tu cara en el&#10;centro del círculo</token>
    <token id="error_message_start">Colócate dentro del círculo</token>
    <token id="error_message_away">Aleja el dispositivo</token>
    <token id="error_message_closer">Acerca tu cara</token>
    <token id="error_message_liveness">Comprobando foto</token>
    <token id="qr_scan">Coloca el QR dentro&#10;del círculo</token>
    <token id="qr_not_valid">QR no válido</token>
    <token id="message_blink">¡Parpadea!</token>
    <token id="tutorial1_tip_detail">Coloca tu cara en el centro&#10;y mira de frente a la cámara.</token>
    <token id="tutorial1_tip_video_alt">Aparece un círculo en el centro de la pantalla. Una persona muestra su cara. Se puede ver su cabeza al completo dentro del círculo. Cuando está bien posicionada, la aplicación le hace una foto.</token>
    <token id="tutorial2_tip_detail">Retira cualquier objeto&#10;que cubra tu cara.</token>
    <token id="tutorial2_tip_video_alt">Aparece un círculo en el centro de la pantalla. Dentro del círculo hay una persona con gafas de sol y el pelo tapando parte de su cara. Se quita las gafas y se retira el pelo de la cara. La aplicación detecta su cara al completo y le hace una foto.</token>
    <token id="tutorial3_tip_detail">Busca un entorno&#10;bien iluminado,&#10;sin sombras sobre tu rostro.</token>
    <token id="tutorial3_tip_video_alt">Aparece un círculo oscuro en el centro de la pantalla. Dentro del círculo se observa con dificultad la cara de una persona. Se enciende una luz y su cara se aprecia con claridad. Tras esto, la aplicación le hace una foto.</token>
    <token id="tutorialBlink1_tip_detail">Aumenta la seguridad validando&#10;el acceso con un parpadeo</token>
    <token id="tutorialBlink2_tip_detail">Coloca tu cara dentro del&#10;círculo y permanece quieto&#10;sin mover el dispositivo</token>
    <token id="tutorialBlink3_tip_detail">Parpadea justo antes de&#10;que las persianas se&#10;cierren completamente</token>
    <token id="tutorialMove1_tip_detail">Coloca tu cara en el centro&#10;y mira de frente a la cámara.</token>
    <token id="tutorialMove1_tip_video_alt">Aparece un círculo en el centro de la pantalla. Una persona muestra su cara. Se puede ver su cabeza al completo dentro del círculo. Cuando está bien posicionada, la aplicación le hace una foto.</token>
    <token id="tutorialMove2_tip_detail">Busca un entorno&#10;bien iluminado,&#10;sin sombras sobre tu rostro.</token>
    <token id="tutorialMove2_tip_video_alt">Aparece un círculo oscuro en el centro de la pantalla. Dentro del círculo se observa con dificultad la cara de una persona. Se enciende una luz y su cara se aprecia con claridad. Tras esto, la aplicación le hace una foto.</token>
    <token id="tutorialMove3_tip_detail">Gira la cabeza en la dirección&#10;que se indica con la flecha.</token>
    <token id="tutorialMove3_tip_video_alt">Aparece un círculo en el centro de la pantalla. Dentro del círculo hay una persona que gira la cabeza en la dirección que le indica una flecha.</token>
</translations>
