<?xml version="1.0" encoding="UTF-8"?>
<translations>
    <token id="button_repeat">NO, QUIERO REINTENTAR</token>
    <token id="button_finish">SÍ, CONTINUAR</token>
    <token id="button_skip">OMITIR</token>
    <token id="button_ready">LISTO</token>
    <token id="buttonInfo_alt">Tutorial</token>
    <token id="buttonExit_alt">Cerrar proceso</token>
    <token id="buttonExitTutorial_alt">Cerrar tutorial</token>
    <token id="buttonBack_alt">Atrás</token>
    <token id="buttonNext_alt">Siguiente</token>
    <token id="CaptureTipFront">Parte FRONTAL</token>
    <token id="CaptureTipFront_alt">Cámara trasera activada.</token>
    <token id="CaptureInfoFront">Pon el FRENTE&#10;del documento</token>
    <token id="CaptureTipFrontID">Parte FRONTAL</token>
    <token id="CaptureInfoFrontID">Pon el FRENTE&#10;del documento</token>
    <token id="CaptureTipFrontPP">Parte FRONTAL</token>
    <token id="CaptureInfoFrontPP">Pon el PASAPORTE&#10;dentro del recuadro</token>
    <token id="CaptureTipFrontDL">Parte FRONTAL</token>
    <token id="CaptureInfoFrontDL">Pon el FRENTE&#10;del carnet de conducir</token>
    <token id="CaptureTipBack">Parte DORSAL</token>
    <token id="CaptureTipBack_alt">Cámara trasera activada.</token>
    <token id="CaptureInfoBack">Pon el REVERSO&#10;del documento</token>
    <token id="CaptureTipBackID">Parte DORSAL</token>
    <token id="CaptureInfoBackID">Pon el REVERSO&#10;del documento</token>
    <token id="CaptureTipBackPP">Parte DORSAL</token>
    <token id="CaptureInfoBackPP">Pon el PASAPORTE&#10;dentro del recuadro</token>
    <token id="CaptureTipBackDL">Parte DORSAL</token>
    <token id="CaptureInfoBackDL">Pon el REVERSO&#10;del carnet de conducir</token>
    <token id="CaptureSuccessFront">¡Foto realizada!</token>
    <token id="CaptureSuccessBack">¡Foto realizada!</token>
    <token id="CaptureError">Analizando...</token>
    <token id="CaptureErrorLight">No hay&#10;suficiente luz</token>
    <token id="ShowIDInfo">¿Todos los datos se leen&#10;de forma clara y nítida?</token>
    <token id="Tutorial1">Busca un fondo&#10;con buen contraste</token>
    <token id="Tutorial1Video">Se muestra un documento de identidad de color blanco, sobre un fondo blanco. Los bordes del documento no se distinguen con claridad. Mediante una animación, el fondo cambia de color.</token>
    <token id="Tutorial2">Coloca el documento&#10;dentro del recuadro</token>
    <token id="Tutorial2Video">Un teléfono móvil hace una foto a un documento de identidad. El documento aparece en horizontal, y el móvil en posición vertical. En la pantalla del móvil aparece un recuadro. Cuando el documento encaja dentro del recuadro, la aplicación hace una foto.</token>
    <token id="Tutorial3">Evita brillos que dificulten&#10;la lectura del documento</token>
    <token id="Tutorial3Video">Un documento de identidad, visto de frente. Al inclinarlo, aparecen reflejos sobre el documento.</token>
    <token id="Tutorial1_PP">Busca un fondo&#10;con buen contraste</token>
    <token id="Tutorial1_PPVideo">Se muestra un pasaporte abierto, sobre un fondo blanco. Los bordes del pasaporte no se distinguen con claridad. Mediante una animación, el fondo cambia de color.</token>
    <token id="Tutorial2_PP">Coloca el pasaporte&#10;dentro del recuadro</token>
    <token id="Tutorial2_PPVideo">Un teléfono móvil hace una foto a un pasaporte abierto. El documento aparece en horizontal, y el móvil en posición vertical. En la pantalla del móvil aparece un recuadro. Cuando el pasaporte encaja dentro del recuadro, la aplicación hace una foto.</token>
    <token id="Tutorial3_PP">Evita brillos que dificulten&#10;la lectura del pasaporte</token>
    <token id="Tutorial3_PPVideo">Un pasaporte abierto, visto de frente. Al inclinarlo, aparecen reflejos sobre el documento.</token>
    <token id="timeout_no_front_document">No se ha detectado el frente del documento. Asegúrese de colocar el documento en el recuadro de captura</token>
    <token id="timeout_uncertain_front_document">Parece que el frente del documento no es el esperado o existen brillos o sombras que dificultan la clasificación del mismo</token>
    <token id="timeout_unclear_front_document">No se ha podido leer el frente del documento con éxito. Asegúrese de que la imagen es nítida y de que los datos del documento se leen con claridad</token>
    <token id="timeout_no_back_document">No se ha detectado el reverso del documento. Asegúrese de colocar el documento en el recuadro de captura</token>
    <token id="timeout_uncertain_back_document">Parece que el reverso del documento no es el esperado o existen brillos o sombras que dificultan la clasificación del mismo</token>
    <token id="timeout_unclear_back_document">No se ha podido leer el reverso del documento con éxito. Asegúrese de que la imagen es nítida y de que los datos del documento se leen con claridad</token>
    <token id="timeout_no_user_activity">Se ha superado el tiempo máximo de espera</token>
</translations>
