<?xml version="1.0" encoding="UTF-8"?>
<translations>    
    <token id="button_skip">SKIP</token>
    <token id="button_ready">READY</token>
    <token id="button_start">START</token>
    <token id="button_repeat">NO, I WANT TO REPEAT</token>
    <token id="button_finish">YES, IT DOES</token>
    <token id="button_next">NEXT</token>
    <token id="button_back">BACK</token>
    <token id="registration_tips_title">Registration tips</token>
    <token id="registration_tips_detail">Avoid backlighting, dark spaces and&#10;be sure to see your face well</token>
    <token id="face_movement_tips_title">Move your face</token>
    <token id="face_movement_tips_detail">For optimum registration, imitate the&#10;movements looking ahead</token>
    <token id="start_extractor_title">Put your face inside the shape,&#10;press to start and emulate the model</token>
    <token id="extracting_title">Hold position, with your face&#10;in the center of the shape</token>
    <token id="liveness_move_tip">Please follow the arrow&#10;moving your head</token>
    <token id="liveness_move_tip_up">Turn your head up</token>
    <token id="liveness_move_tip_down">Turn your head down</token>
    <token id="liveness_move_tip_left">Turn your head&#10;to the left</token>
    <token id="liveness_move_tip_right">Turn your head&#10;to the right</token>
    <token id="liveness_move_stabilizing">Hold position, with your face&#10;in the center of the shape</token>
    <token id="liveness_move_stabilizing_none">Hold position, with your face&#10;in the center of the shape</token>
    <token id="liveness_move_stabilizing_ok">Hold position, with your face&#10;in the center of the shape</token>
    <token id="liveness_move_stabilizing_not_stabilized">Hold position, with your face&#10;in the center of the shape</token>
    <token id="liveness_move_stabilizing_no_face_too_far">You are too far&#10;Get your face closer</token>
    <token id="liveness_move_stabilizing_no_face_sun_glasses">Hold position, with your face&#10;in the center of the shape</token>
    <token id="liveness_move_stabilizing_no_face_too_close">You are too close&#10;Move your device away</token>
    <token id="liveness_move_stabilizing_no_face_too_much_movement">Hold position, with your face&#10;in the center of the shape</token>
    <token id="liveness_move_stabilizing_no_face_low_performance">Hold position, with your face&#10;in the center of the shape</token>
    <token id="liveness_move_stabilizing_no_face_no_frontal">Hold position, with your face&#10;looking to the front</token>
    <token id="liveness_move_stabilizing_no_face_no_frontal_too_much_left">Turn your head slightly&#10;to the right</token>
    <token id="liveness_move_stabilizing_no_face_no_frontal_too_much_right">Turn your head slightly&#10;to the left</token>
    <token id="liveness_move_stabilizing_no_face_no_frontal_too_much_down">Turn your head slightly up</token>
    <token id="liveness_move_stabilizing_no_face_no_frontal_too_much_up">Turn your head slightly down</token>
    <token id="liveness_move_stabilizing_no_face_no_color">Try to find a better&#10;lighting condition</token>
    <token id="liveness_move_stabilizing_no_face_low_quality">Try to find a better&#10;lighting condition</token>
    <token id="liveness_move_stabilizing_no_face_low_face_quality">Try to find a better&#10;lighting condition</token>
    <token id="liveness_move_stabilizing_no_face_low_pattern_quality">Please keep a&#10;neutral facial pose</token>
    <token id="liveness_move_stabilizing_ok_glasses"></token>
    <token id="results_message_low">We recommend to repeat the&#10;enrollment</token>
    <token id="results_message_good">The registration is good,&#10;but you can improve it</token>
    <token id="results_message_excellent">The quality of the registration&#10;is excellent. Congratulations!</token>
    <token id="results_message_finish">Does your photo look&#10;clear and sharp?</token>
    <token id="results_quality_message">(Registration quality)</token>
    <token id="results_quality_low">Poor</token>
    <token id="results_quality_good">Good</token>
    <token id="results_quality_excellent">Excellent</token>
    <token id="error_message_face">Put your face in the&#10;center of the shape</token>
    <token id="error_message_start">Tap start to begin</token>
    <token id="error_message_away">Away device</token>
    <token id="error_message_closer">Move your device closer</token>
    <token id="error_message_liveness">Checking liveness</token>
    <token id="qr_scan">Place the QR in the&#10;center of the shape</token>
    <token id="qr_not_valid">QR not valid</token>
    <token id="message_blink">Blink!</token>
    <token id="tutorial1_tip">Security</token>
    <token id="tutorial1_tip_detail">Increase security by&#10;validating access with a blink</token>
    <token id="tutorial2_tip">Hold still</token>
    <token id="tutorial2_tip_detail">Place your face inside&#10;the shape and hold position&#10;without moving your device</token>
    <token id="tutorial3_tip">Blink!</token>
    <token id="tutorial3_tip_detail">Blink just before&#10;the shutters close</token>
    <token id="tutorialMove1_tip">Lighting</token>
    <token id="tutorialMove1_tip_detail">Avoid backlighting, dark spaces and&#10;be sure to see your face well</token>
    <token id="tutorialMove2_tip">Hold still</token>
    <token id="tutorialMove2_tip_detail">Place your face inside&#10;the shape and hold position&#10;without moving your device</token>
    <token id="tutorialMove3_tip">Movement</token>
    <token id="tutorialMove3_tip_detail">Turn your head in the direction&#10;shown by the arrow</token>
</translations>
